<?xml version="1.0" encoding="UTF-8" standalone="no"?>
<LoganContent xmlns="http://www.oracle.com/DataCenter/LogAnalyticsStd" content_version="2.66.1.0.0" name="content_ocid1.tenancy.oc1..aaaaaaaawtaaoby4igrs75ylbl2xwq7najogivj52htdgrj4la23qipjhwxa_1686033543509" oms_version="2.66.1.0.0">
   <Parser oms_version="2.66.1.0.0" tokenize_orig_text="1" type="6">
      <Name>waf_edge_v1</Name>
      <DisplayName>waf_edge_v1</DisplayName>
      <IsSingleLineContent>0</IsSingleLineContent>
      <HeaderContent>$.data:2</HeaderContent>
      <ExampleContent>{
  "data": [
    {
      "access-rule-key": null,
      "action": "BLOCK",
      "address-rate-limiting-key": null,
      "captcha-action": null,
      "captcha-expected": null,
      "captcha-fail-count": "0",
      "captcha-received": null,
      "client-address": "116.82.71.82",
      "country-code": "JP",
      "country-name": "Japan",
      "device": null,
      "domain": "dvwavm2.infosecmgmt.shop",
      "fingerprint": null,
      "http-headers": {
        "Accept": "text/html,application/xhtml+xml,application/xml;q=0.9,image/avif,image/webp,*/*;q=0.8",
        "Accept-Encoding": "gzip, deflate",
        "Accept-Language": "ja,en-US;q=0.7,en;q=0.3",
        "Connection": "keep-alive",
        "Cookie": "security=impossible; PHPSESSID=pt8ucflprb6i1p1flriehdb624",
        "Host": "dvwavm2.infosecmgmt.shop",
        "Referer": "http://dvwavm2.infosecmgmt.shop/DVWA-master/vulnerabilities/sqli/?id=&amp;Submit=Submit",
        "Request-Id": "2023-06-02T12:42:12Z|cd68595b92|116.82.71.82|slp1vYu9Dh",
        "Upgrade-Insecure-Requests": "1",
        "User-Agent": "Mozilla/5.0 (Windows NT 10.0; Win64; x64; rv:109.0) Gecko/20100101 Firefox/113.0",
        "X-Client-Ip": "116.82.71.82",
        "X-Country-Code": "JP",
        "X-Forwarded-For": "116.82.71.82",
        "Zen-Host": "ZENEDGE"
      },
      "http-method": "GET",
      "incident-key": "2023-06-02T12:42:12Z|cd68595b92|116.82.71.82|slp1vYu9Dh",
      "log-type": "PROTECTION_RULES",
      "origin-address": null,
      "origin-response-time": null,
      "protection-rule-detections": {
        "9420000": {
          "Message": "Operator GE matched 10 at TX:sql_injection_score.",
          "Message details": ""
        },
        "9421000": {
          "Message": "detected SQLi using libinjection with fingerprint 's&amp;1c', detected SQLi using libinjection with fingerprint 's&amp;1'",
          "Message details": "Matched Data: s&amp;1c found within ARGS:id: ' OR 1=1 #, Matched Data: s&amp;1 found within ARGS:id: ' OR 1=1 "
        },
        "9421100": {
          "Message": "Pattern match \"(^[\\\"'`;]+|[\\\"'`]+$)\" at ARGS:id.",
          "Message details": "Matched Data: ' found within ARGS:id: ' OR 1=1 #"
        }
      },
      "referrer": null,
      "request-headers": null,
      "request-url": "/DVWA-master/vulnerabilities/sqli/?id=%27+OR+1%3D1+%23&amp;Submit=Submit&amp;user_token=9d6660ec4d61a4e111353cb83c6fdab4",
      "response-code": null,
      "response-size": null,
      "threat-feed-key": null,
      "timestamp": "2023-06-02T12:42:12+00:00",
      "user-agent": "Mozilla/5.0 (Windows NT 10.0; Win64; x64; rv:109.0) Gecko/20100101 Firefox/113.0"
    },
    {
      "access-rule-key": null,
      "action": "BLOCK",
      "address-rate-limiting-key": null,
      "captcha-action": null,
      "captcha-expected": null,
      "captcha-fail-count": "0",
      "captcha-received": null,
      "client-address": "116.82.71.82",
      "country-code": "JP",
      "country-name": "Japan",
      "device": null,
      "domain": "dvwavm2.infosecmgmt.shop",
      "fingerprint": null,
      "http-headers": {
        "Accept": "text/html,application/xhtml+xml,application/xml;q=0.9,image/avif,image/webp,*/*;q=0.8",
        "Accept-Encoding": "gzip, deflate",
        "Accept-Language": "ja,en-US;q=0.7,en;q=0.3",
        "Connection": "keep-alive",
        "Cookie": "security=impossible; PHPSESSID=pt8ucflprb6i1p1flriehdb624",
        "Host": "dvwavm2.infosecmgmt.shop",
        "Referer": "http://dvwavm2.infosecmgmt.shop/DVWA-master/vulnerabilities/sqli/?id=&amp;Submit=Submit",
        "Request-Id": "2023-06-02T12:42:12Z|cd68595b92|116.82.71.82|EEvMf2Ijbx",
        "Upgrade-Insecure-Requests": "1",
        "User-Agent": "Mozilla/5.0 (Windows NT 10.0; Win64; x64; rv:109.0) Gecko/20100101 Firefox/113.0",
        "X-Client-Ip": "116.82.71.82",
        "X-Country-Code": "JP",
        "X-Forwarded-For": "116.82.71.82",
        "Zen-Host": "ZENEDGE"
      },
      "http-method": "GET",
      "incident-key": "2023-06-02T12:42:12Z|cd68595b92|116.82.71.82|EEvMf2Ijbx",
      "log-type": "PROTECTION_RULES",
      "origin-address": null,
      "origin-response-time": null,
      "protection-rule-detections": {
        "9421100": {
          "Message": "Pattern match \"(^[\\\"'`;]+|[\\\"'`]+$)\" at ARGS:id.",
          "Message details": "Matched Data: ' found within ARGS:id: ' OR 1=1 #"
        }
      },
      "referrer": null,
      "request-headers": null,
      "request-url": "/DVWA-master/vulnerabilities/sqli/?id=%27+OR+1%3D1+%23&amp;Submit=Submit&amp;user_token=9d6660ec4d61a4e111353cb83c6fdab4",
      "response-code": null,
      "response-size": null,
      "threat-feed-key": null,
      "timestamp": "2023-06-02T12:42:12+00:00",
      "user-agent": "Mozilla/5.0 (Windows NT 10.0; Win64; x64; rv:109.0) Gecko/20100101 Firefox/113.0"
    },
    {
      "access-rule-key": null,
      "action": null,
      "address-rate-limiting-key": null,
      "captcha-action": null,
      "captcha-expected": null,
      "captcha-fail-count": "0",
      "captcha-received": null,
      "client-address": "116.82.71.82",
      "country-code": "JP",
      "country-name": "Japan",
      "device": null,
      "domain": "dvwavm2.infosecmgmt.shop",
      "fingerprint": "-",
      "http-headers": {
        "Accept": "text/html,application/xhtml+xml,application/xml;q=0.9,image/avif,image/webp,*/*;q=0.8",
        "Accept-Encoding": "gzip, deflate",
        "Accept-Language": "ja,en-US;q=0.7,en;q=0.3",
        "Connection": "keep-alive",
        "Cookie": "security=impossible; PHPSESSID=pt8ucflprb6i1p1flriehdb624",
        "Host": "dvwavm2.infosecmgmt.shop",
        "Referer": "http://dvwavm2.infosecmgmt.shop/DVWA-master/vulnerabilities/sqli/?id=&amp;Submit=Submit",
        "Upgrade-Insecure-Requests": "1",
        "User-Agent": "Mozilla/5.0 (Windows NT 10.0; Win64; x64; rv:109.0) Gecko/20100101 Firefox/113.0",
        "X-Client-Ip": "116.82.71.82",
        "X-Country-Code": "JP",
        "X-Forwarded-For": "116.82.71.82",
        "Zen-Host": "ZENEDGE"
      },
      "http-method": "GET",
      "incident-key": "2023-06-02T12:42:12Z|cd68595b92|116.82.71.82|EEvMf2Ijbx",
      "log-type": "ACCESS",
      "origin-address": "-",
      "origin-response-time": "0.0030",
      "protection-rule-detections": null,
      "referrer": "http://dvwavm2.infosecmgmt.shop/DVWA-master/vulnerabilities/sqli/?id=&amp;Submit=Submit",
      "request-headers": null,
      "request-url": "/DVWA-master/vulnerabilities/sqli/?id=%27+OR+1%3D1+%23&amp;Submit=Submit&amp;user_token=9d6660ec4d61a4e111353cb83c6fdab4",
      "response-code": 403,
      "response-size": 977,
      "threat-feed-key": null,
      "timestamp": "2023-06-02T12:42:12+00:00",
      "user-agent": "Mozilla/5.0 (Windows NT 10.0; Win64; x64; rv:109.0) Gecko/20100101 Firefox/113.0"
    }
  ]
}</ExampleContent>
      <IsSystem>0</IsSystem>
      <Encoding>UTF-8</Encoding>
      <Language>en_US</Language>
      <ParserFields>
         <ParserField>
            <FieldSeq>1</FieldSeq>
            <FieldName>actn</FieldName>
            <StructuredColInfo>$.action</StructuredColInfo>
         </ParserField>
         <ParserField>
            <FieldSeq>3</FieldSeq>
            <FieldName>clnthostip</FieldName>
            <StructuredColInfo>$.client-address</StructuredColInfo>
         </ParserField>
         <ParserField>
            <FieldSeq>12</FieldSeq>
            <FieldName>cookie</FieldName>
            <StructuredColInfo>$.http-headers.Cookie</StructuredColInfo>
         </ParserField>
         <ParserField>
            <FieldSeq>5</FieldSeq>
            <FieldName>countryclnt</FieldName>
            <StructuredColInfo>$.country-name</StructuredColInfo>
         </ParserField>
         <ParserField>
            <FieldSeq>4</FieldSeq>
            <FieldName>countrycodeclnt</FieldName>
            <StructuredColInfo>$.country-code</StructuredColInfo>
         </ParserField>
         <ParserField>
            <FieldSeq>6</FieldSeq>
            <FieldName>domain</FieldName>
            <StructuredColInfo>$.domain</StructuredColInfo>
         </ParserField>
         <ParserField>
            <FieldSeq>22</FieldSeq>
            <FieldName>method</FieldName>
            <StructuredColInfo>$.http-method</StructuredColInfo>
         </ParserField>
         <ParserField>
            <FieldSeq>14</FieldSeq>
            <FieldName>referr</FieldName>
            <StructuredColInfo>$.http-headers.Referer</StructuredColInfo>
         </ParserField>
         <ParserField>
            <FieldSeq>25</FieldSeq>
            <FieldName>reqprotrule</FieldName>
            <StructuredColInfo>$.protection-rule-detections</StructuredColInfo>
         </ParserField>
         <ParserField>
            <FieldSeq>13</FieldSeq>
            <FieldName>srvrhostname</FieldName>
            <StructuredColInfo>$.http-headers.Host</StructuredColInfo>
         </ParserField>
         <ParserField>
            <FieldSeq>36</FieldSeq>
            <FieldName>time</FieldName>
            <StructuredColInfo>$.timestamp</StructuredColInfo>
         </ParserField>
         <ParserField>
            <FieldSeq>35</FieldSeq>
            <FieldName>uri</FieldName>
            <StructuredColInfo>$.request-url</StructuredColInfo>
         </ParserField>
         <ParserField>
            <FieldSeq>37</FieldSeq>
            <FieldName>usrag</FieldName>
            <StructuredColInfo>$.user-agent</StructuredColInfo>
         </ParserField>
      </ParserFields>
      <WrittenOnce>0</WrittenOnce>
      <IsDefaultParser>1</IsDefaultParser>
   </Parser>
   <Source configWarningSettings="0" name="waf_edge_v1" oms_version="2.66.1.0.0">
      <SourceType>os_file</SourceType>
      <TargetTypes>
         <TargetType>omc_host_linux</TargetType>
      </TargetTypes>
      <DisplayName>waf_edge_v1</DisplayName>
      <IsSystem>0</IsSystem>
      <IsSecureContent>1</IsSecureContent>
      <Parsers>
         <Parser>
            <ParserSeq>1</ParserSeq>
            <ParserName>waf_edge_v1</ParserName>
         </Parser>
      </Parsers>
      <SourceFunctions>
         <SourceFunction lookupMode="0" name="Geolocation" order="101" overrideOutputFields="1">
            <SourceInputFields>
               <InputField lkCol="IP Field" order="1">clnthostip</InputField>
            </SourceInputFields>
            <SourceOutputFields>
               <OutputField lkCol="Continent" order="1">continentclnt</OutputField>
               <OutputField lkCol="Country Code" order="4">countrycodeclnt</OutputField>
               <OutputField lkCol="Coordinates" order="8">geolocclnt</OutputField>
               <OutputField lkCol="Continent Code" order="2">continentcodeclnt</OutputField>
               <OutputField lkCol="City" order="7">cityclnt</OutputField>
               <OutputField lkCol="Country" order="3">countryclnt</OutputField>
               <OutputField lkCol="State Code" order="6">regioncodeclnt</OutputField>
               <OutputField lkCol="State" order="5">regionclnt</OutputField>
            </SourceOutputFields>
            <SourceFunctionFeatures>
               <FunctionFeature>
                  <Name>Geolocation</Name>
               </FunctionFeature>
               <FunctionFeature>
                  <Name>ThreatIntelligence</Name>
               </FunctionFeature>
            </SourceFunctionFeatures>
            <IsSystem>0</IsSystem>
            <IsEnabled>1</IsEnabled>
         </SourceFunction>
      </SourceFunctions>
      <IsHidden>0</IsHidden>
      <IsSMAEnabled>0</IsSMAEnabled>
   </Source>
</LoganContent>
